{
  "epoch": 11,
  "loss": 5.143377691904703,
  "acousticness_MAE": 0.12975649535655975,
  "acousticness_R2": 0.7344821691513062,
  "danceability_MAE": 0.09475541114807129,
  "danceability_R2": 0.5750526189804077,
  "energy_MAE": 0.05144298076629639,
  "energy_R2": 0.9372408390045166,
  "instrumentalness_MAE": 0.10054696351289749,
  "instrumentalness_R2": 0.589205265045166,
  "liveness_MAE": 0.10224820673465729,
  "liveness_R2": 0.2870725393295288,
  "loudness_MAE": 1.9015880823135376,
  "loudness_R2": 0.8087679743766785,
  "speechiness_MAE": 0.05239148810505867,
  "speechiness_R2": 0.7621148824691772,
  "tempo_MAE": 23.72967529296875,
  "tempo_R2": 0.0690758228302002,
  "valence_MAE": 0.14353075623512268,
  "valence_R2": 0.5065160989761353,
  "duration_ms_MAE": 59135.19140625,
  "duration_ms_R2": -0.015391945838928223,
  "key_ACC": 0.12833333333333333,
  "mode_ACC": 0.6675,
  "time_signature_ACC": 0.8758333333333334
}