{
  "mean": {
    "acousticness": 0.3591535687446594,
    "danceability": 0.5569894909858704,
    "energy": 0.5776067972183228,
    "instrumentalness": 0.1450766921043396,
    "liveness": 0.20932897925376892,
    "loudness": -9.459177017211914,
    "speechiness": 0.11730039119720459,
    "tempo": 4.745675563812256,
    "valence": 0.4593411087989807,
    "duration_ms": 12.27639102935791
  },
  "std": {
    "acousticness": 0.353671669960022,
    "danceability": 0.1855669915676117,
    "energy": 0.26188814640045166,
    "instrumentalness": 0.30018508434295654,
    "liveness": 0.1930733621120453,
    "loudness": 5.895871162414551,
    "speechiness": 0.17872653901576996,
    "tempo": 0.26272833347320557,
    "valence": 0.2615787982940674,
    "duration_ms": 0.39227887988090515
  }
}